{
  "alpha_id": "hawkes_ofi_impact",
  "screening_status": "ok",
  "error": null,
  "primary_data": "TXFC6_all_l1.npy",
  "primary_ticks": 500000,
  "signal_stats": {
    "mean": 0.0004422442908230206,
    "std": 0.10997210549356476,
    "nonzero_pct": 99.99980000000001,
    "autocorr_1": 0.2416320305342516
  },
  "horizons": {
    "h1": {
      "ic": 0.07243926821571414,
      "sharpe": 35.85279883629512
    },
    "h5": {
      "ic": 0.03141750564010171,
      "sharpe": 19.669590934729978
    },
    "h10": {
      "ic": 0.024250693542514922,
      "sharpe": 16.03006675330725
    },
    "h20": {
      "ic": 0.01678327997118348,
      "sharpe": 12.29322260699419
    },
    "h50": {
      "ic": 0.01075410220848383,
      "sharpe": 9.980101460908818
    }
  },
  "oos_split_h5": {
    "ic_is": 0.03211372794967101,
    "ic_oos": 0.03009593366971962,
    "sharpe_is": 20.080133084048978,
    "sharpe_oos": 19.082005503793678
  },
  "screening_timestamp": "2026-03-15T05:07:43.107401+00:00",
  "tier": "star",
  "cross_validation": {
    "2330": {
      "ticks": 500000,
      "ic_h5": 0.08580474617949457,
      "sharpe_h5": 18.79160749232527,
      "ic_oos": 0.08116980533182795,
      "sharpe_oos": 15.186882094642764
    },
    "2317": {
      "ticks": 500000,
      "ic_h5": 0.1576828849848941,
      "sharpe_h5": 68.35879762535025,
      "ic_oos": 0.18823370286670438,
      "sharpe_oos": 97.68027119184127
    },
    "MXFC6": {
      "ticks": 500000,
      "ic_h5": 0.03203982685048418,
      "sharpe_h5": 22.022711904730272,
      "ic_oos": 0.027961074719592933,
      "sharpe_oos": 20.10606651996211
    }
  }
}
