{
  "alpha_id": "vol_of_imbalance",
  "screening_status": "ok",
  "error": null,
  "primary_data": "TXFC6_all_l1.npy",
  "primary_ticks": 200000,
  "signal_stats": {
    "mean": -0.0005159195577517082,
    "std": 0.18888347963409607,
    "nonzero_pct": 100.0,
    "autocorr_1": 0.8494735473953362
  },
  "horizons": {
    "h1": {
      "ic": 0.001252,
      "sharpe": -1.89
    },
    "h5": {
      "ic": -0.005647,
      "sharpe": -8.55
    },
    "h10": {
      "ic": -0.007885,
      "sharpe": -14.15
    },
    "h20": {
      "ic": -0.008623,
      "sharpe": -15.92
    },
    "h50": {
      "ic": -0.003435,
      "sharpe": -5.05
    }
  },
  "oos_split_h5": {
    "ic_is": -0.009374,
    "ic_oos": 0.002661,
    "sharpe_is": -6.79,
    "sharpe_oos": -12.84
  },
  "screening_timestamp": "2026-03-15T05:41:19.507125+00:00",
  "tier": "marginal"
}