{
  "alpha_id": "cum_ofi_revert",
  "screening_status": "ok",
  "error": null,
  "primary_data": "TXFC6_all_l1.npy",
  "primary_ticks": 6271393,
  "signal_stats": {
    "mean": 0.8303919924408815,
    "std": 0.5694978822820987,
    "nonzero_pct": 99.9995,
    "autocorr_1": 0.9999304692923487
  },
  "horizons": {
    "h1": {
      "ic": -0.008157,
      "sharpe": -1.76
    },
    "h5": {
      "ic": -0.008159,
      "sharpe": -4.52
    },
    "h10": {
      "ic": -0.004409,
      "sharpe": -6.5
    },
    "h20": {
      "ic": -0.001641,
      "sharpe": -9.53
    },
    "h50": {
      "ic": 0.006267,
      "sharpe": -15.48
    }
  },
  "oos_split_h5": {
    "ic_is": -0.007753,
    "ic_oos": -0.010816,
    "sharpe_is": -6.01,
    "sharpe_oos": -1.46
  },
  "screening_timestamp": "2026-03-15T04:29:50.438760+00:00",
  "tier": "failed"
}