{
  "alpha_id": "toxicity_multiscale",
  "screening_status": "ok",
  "error": null,
  "primary_data": "TXFC6_all_l1.npy",
  "primary_ticks": 500000,
  "signal_stats": {
    "mean": 0.011960339881395027,
    "std": 0.13905395117554795,
    "nonzero_pct": 99.9996,
    "autocorr_1": 0.6398799103814465
  },
  "horizons": {
    "h1": {
      "ic": 0.105879,
      "sharpe": 75.9
    },
    "h5": {
      "ic": 0.125386,
      "sharpe": 117.54
    },
    "h10": {
      "ic": 0.118129,
      "sharpe": 111.97
    },
    "h20": {
      "ic": 0.093541,
      "sharpe": 92.54
    },
    "h50": {
      "ic": 0.055805,
      "sharpe": 69.06
    }
  },
  "oos_split_h5": {
    "ic_is": 0.120821,
    "ic_oos": 0.141028,
    "sharpe_is": 145.05,
    "sharpe_oos": 78.7
  },
  "screening_timestamp": "2026-03-15T04:18:46.212197+00:00",
  "tier": "star",
  "cross_validation": {
    "2330": {
      "ticks": 200000,
      "ic_oos": 0.093368,
      "sharpe_oos": 61.01,
      "status": "ok"
    },
    "2317": {
      "ticks": 200000,
      "ic_oos": 0.044228,
      "sharpe_oos": 46.85,
      "status": "ok"
    },
    "MXFC6": {
      "ticks": 200000,
      "ic_oos": 0.107395,
      "sharpe_oos": 70.61,
      "status": "ok"
    }
  }
}