{
  "alpha_id": "toxic_flow",
  "screening_status": "ok",
  "error": null,
  "primary_data": "TXFC6_all_l1.npy",
  "primary_ticks": 500000,
  "signal_stats": {
    "mean": 0.0006587920846161598,
    "std": 0.3544444598273443,
    "nonzero_pct": 99.99980000000001,
    "autocorr_1": 0.7173387882162227
  },
  "horizons": {
    "h1": {
      "ic": -0.052694,
      "sharpe": -63.02
    },
    "h5": {
      "ic": -0.004156,
      "sharpe": -0.13
    },
    "h10": {
      "ic": 0.017377,
      "sharpe": 31.68
    },
    "h20": {
      "ic": 0.029044,
      "sharpe": 42.87
    },
    "h50": {
      "ic": 0.022929,
      "sharpe": 38.56
    }
  },
  "oos_split_h5": {
    "ic_is": -0.004947,
    "ic_oos": -0.002026,
    "sharpe_is": -2.46,
    "sharpe_oos": 3.6
  },
  "screening_timestamp": "2026-03-15T04:18:37.096780+00:00",
  "tier": "promising"
}