{
  "ISS": {
    "daily_pnl": [
      -332296180.2750014,
      -712742498.0250324,
      -159336642.4749986,
      -7133075.374999998,
      -736075914.4750046,
      -514971839.0750003,
      -133817161.4750002,
      -528603372.974985,
      -38678120.474999994,
      -12390530.924999999,
      -3973052.75
    ],
    "daily_trades": [
      3321,
      6958,
      1405,
      72,
      6773,
      4798,
      1338,
      4884,
      151,
      143,
      44
    ],
    "total_pnl": -3180018388.3000226,
    "sharpe_ann": -16.635012525464013,
    "oos_sharpe": -11.457975214620248
  },
  "MLDM": {
    "daily_pnl": [
      -907196.175,
      -18265412.52499999,
      -2748366.6750000007,
      -320678.625,
      -298096151.7500002,
      -365841819.6500009,
      -153025731.0249998,
      -42224592.849999964,
      -57753836.80000002,
      -115186273.47500007,
      -35926683.37499995
    ],
    "daily_trades": [
      9,
      188,
      26,
      3,
      2773,
      3338,
      1418,
      356,
      558,
      1114,
      335
    ],
    "total_pnl": -1090296742.925001,
    "sharpe_ann": -13.073568022249404,
    "oos_sharpe": -27.977777751521266
  },
  "Combined": {
    "daily_pnl": [
      -332497816.4750014,
      -714759953.1750318,
      -161343151.5749985,
      -7133075.374999998,
      -792232863.7000026,
      -670370621.0000011,
      -222941246.9999994,
      -543635156.5999849,
      -77727946.00000006,
      -117391423.85000002,
      -37277198.57500001
    ],
    "daily_trades": [
      3323,
      6974,
      1424,
      72,
      7444,
      6179,
      2069,
      4959,
      568,
      1128,
      338
    ],
    "total_pnl": -3677310453.3250194,
    "sharpe_ann": -18.885669235120357,
    "oos_sharpe": -17.29245665975374
  }
}