{
  "alpha_id": "queue_acceleration",
  "screening_status": "ok",
  "error": null,
  "primary_data": "TXFC6_all_l1.npy",
  "primary_ticks": 6271393,
  "signal_stats": {
    "mean": -3.90171828357138e-10,
    "std": 0.013525657477836905,
    "nonzero_pct": 99.99998405457926,
    "autocorr_1": 0.8969667030198206
  },
  "horizons": {
    "h1": {
      "ic": 0.080233,
      "sharpe": 53.17
    },
    "h5": {
      "ic": 0.082182,
      "sharpe": 60.0
    },
    "h10": {
      "ic": 0.065003,
      "sharpe": 51.63
    },
    "h20": {
      "ic": 0.046699,
      "sharpe": 42.84
    },
    "h50": {
      "ic": 0.02939,
      "sharpe": 30.57
    }
  },
  "oos_split_h5": {
    "ic_is": 0.082645,
    "ic_oos": 0.081638,
    "sharpe_is": 68.54,
    "sharpe_oos": 49.7
  },
  "screening_timestamp": "2026-03-15T04:13:54.764027+00:00",
  "tier": "star",
  "cross_validation": {
    "2330": {
      "ticks": 1323989,
      "ic_oos": 0.044393,
      "sharpe_oos": 17.98,
      "status": "ok"
    },
    "2317": {
      "ticks": 1838663,
      "ic_oos": 0.065001,
      "sharpe_oos": 42.08,
      "status": "ok"
    },
    "MXFC6": {
      "ticks": 8723566,
      "ic_oos": 0.093358,
      "sharpe_oos": 77.44,
      "status": "ok"
    }
  }
}