{
  "alpha_id": "depth_ratio_log",
  "screening_status": "ok",
  "error": null,
  "primary_data": "TXFC6_all_l1.npy",
  "primary_ticks": 6271393,
  "signal_stats": {
    "mean": -0.017965,
    "std": 0.46479,
    "nonzero_pct": 1.0,
    "autocorr_1": 0.983264
  },
  "horizons": {
    "h1": {
      "ic": 0.04476,
      "sharpe": 0.020847
    },
    "h5": {
      "ic": 0.053147,
      "sharpe": 0.027189
    },
    "h10": {
      "ic": 0.043986,
      "sharpe": 0.02515
    },
    "h20": {
      "ic": 0.033162,
      "sharpe": 0.021136
    },
    "h50": {
      "ic": 0.021394,
      "sharpe": 0.015171
    }
  },
  "oos_split_h5": {
    "is_ic": 0.055803,
    "oos_ic": 0.047388,
    "is_sharpe": 0.02844,
    "oos_sharpe": 0.024364
  },
  "screening_timestamp": "2026-03-15T04:13:27.718094+00:00",
  "tier": "promising",
  "eval_time_s": 6.92,
  "cross_validation": [
    {
      "dataset": "2330",
      "ticks": 1323989,
      "h5_ic": 0.067801,
      "h5_sharpe": 0.022302,
      "oos_ic": 0.08676,
      "oos_sharpe": 0.035201
    },
    {
      "dataset": "2317",
      "ticks": 1838663,
      "h5_ic": 0.068841,
      "h5_sharpe": 0.042541,
      "oos_ic": 0.077091,
      "oos_sharpe": 0.042948
    },
    {
      "dataset": "MXFC6",
      "ticks": 8723566,
      "h5_ic": 0.062402,
      "h5_sharpe": 0.042487,
      "oos_ic": 0.059937,
      "oos_sharpe": 0.039253
    }
  ]
}