{
  "alpha_id": "regime_momentum",
  "screening_status": "ok",
  "error": null,
  "primary_data": "TXFC6_all_l1.npy",
  "primary_ticks": 200000,
  "signal_stats": {
    "mean": 0.00044079110176713996,
    "std": 0.11018341988766314,
    "nonzero_pct": 100.0,
    "autocorr_1": 0.8936410941030046
  },
  "horizons": {
    "h1": {
      "ic": -0.000274,
      "sharpe": -2.26
    },
    "h5": {
      "ic": 0.004697,
      "sharpe": 1.07
    },
    "h10": {
      "ic": 0.005626,
      "sharpe": -4.3
    },
    "h20": {
      "ic": 0.00499,
      "sharpe": -2.86
    },
    "h50": {
      "ic": -0.009128,
      "sharpe": -19.51
    }
  },
  "oos_split_h5": {
    "ic_is": 0.002442,
    "ic_oos": 0.010016,
    "sharpe_is": 3.36,
    "sharpe_oos": -4.52
  },
  "screening_timestamp": "2026-03-15T05:44:43.192241+00:00",
  "tier": "promising",
  "cross_validation": {
    "2330": {
      "ticks": 100000,
      "ic_oos": 0.0008,
      "sharpe_oos": 6.16,
      "status": "ok"
    },
    "2317": {
      "ticks": 100000,
      "ic_oos": 0.023272,
      "sharpe_oos": 25.79,
      "status": "ok"
    },
    "MXFC6": {
      "ticks": 100000,
      "ic_oos": 0.006491,
      "sharpe_oos": 9.26,
      "status": "ok"
    }
  }
}