{
  "alpha_id": "depth_velocity_diff",
  "screening_status": "ok",
  "error": null,
  "primary_data": "TXFC6_all_l1.npy",
  "primary_ticks": 6271393,
  "signal_stats": {
    "mean": 2.2e-05,
    "std": 0.240783,
    "nonzero_pct": 1.0,
    "autocorr_1": 0.562667
  },
  "horizons": {
    "h1": {
      "ic": 0.106865,
      "sharpe": 0.030838
    },
    "h5": {
      "ic": 0.098108,
      "sharpe": 0.035725
    },
    "h10": {
      "ic": 0.074139,
      "sharpe": 0.0292
    },
    "h20": {
      "ic": 0.051834,
      "sharpe": 0.023699
    },
    "h50": {
      "ic": 0.032141,
      "sharpe": 0.019251
    }
  },
  "oos_split_h5": {
    "is_ic": 0.099724,
    "oos_ic": 0.094997,
    "is_sharpe": 0.040283,
    "oos_sharpe": 0.028759
  },
  "screening_timestamp": "2026-03-15T04:12:36.632330+00:00",
  "tier": "promising",
  "eval_time_s": 5.99,
  "cross_validation": [
    {
      "dataset": "2330",
      "ticks": 1323989,
      "h5_ic": 0.049825,
      "h5_sharpe": 0.014607,
      "oos_ic": 0.058267,
      "oos_sharpe": 0.025785
    },
    {
      "dataset": "2317",
      "ticks": 1838663,
      "h5_ic": 0.080248,
      "h5_sharpe": 0.043257,
      "oos_ic": 0.082707,
      "oos_sharpe": 0.053351
    },
    {
      "dataset": "MXFC6",
      "ticks": 8723566,
      "h5_ic": 0.10404,
      "h5_sharpe": 0.061751,
      "oos_ic": 0.107439,
      "oos_sharpe": 0.067525
    }
  ]
}