{
  "alpha_id": "depth_ratio",
  "screening_status": "ok",
  "error": null,
  "primary_data": "TXFC6_all_l1.npy",
  "primary_ticks": 6271393,
  "signal_stats": {
    "mean": -0.017977,
    "std": 0.4704,
    "nonzero_pct": 1.0,
    "autocorr_1": 0.983558
  },
  "horizons": {
    "h1": {
      "ic": 0.04476,
      "sharpe": 0.020677
    },
    "h5": {
      "ic": 0.053147,
      "sharpe": 0.026926
    },
    "h10": {
      "ic": 0.043986,
      "sharpe": 0.024864
    },
    "h20": {
      "ic": 0.033162,
      "sharpe": 0.02087
    },
    "h50": {
      "ic": 0.021394,
      "sharpe": 0.014971
    }
  },
  "oos_split_h5": {
    "is_ic": 0.055803,
    "oos_ic": 0.047388,
    "is_sharpe": 0.028161,
    "oos_sharpe": 0.024128
  },
  "screening_timestamp": "2026-03-15T04:12:59.456226+00:00",
  "tier": "promising",
  "eval_time_s": 4.88,
  "cross_validation": [
    {
      "dataset": "2330",
      "ticks": 1323989,
      "h5_ic": 0.069492,
      "h5_sharpe": 0.028,
      "oos_ic": 0.089687,
      "oos_sharpe": 0.040327
    },
    {
      "dataset": "2317",
      "ticks": 1838663,
      "h5_ic": 0.071179,
      "h5_sharpe": 0.045907,
      "oos_ic": 0.079634,
      "oos_sharpe": 0.044025
    },
    {
      "dataset": "MXFC6",
      "ticks": 8723566,
      "h5_ic": 0.062402,
      "h5_sharpe": 0.041537,
      "oos_ic": 0.059937,
      "oos_sharpe": 0.038669
    }
  ]
}