{
  "alpha_id": "kyle_lambda",
  "screening_status": "ok",
  "error": null,
  "primary_data": "TXFC6_all_l1.npy",
  "primary_ticks": 500000,
  "signal_stats": {
    "mean": -0.0009271312420496877,
    "std": 0.2151076204208661,
    "nonzero_pct": 99.99980000000001,
    "autocorr_1": 0.9957907335762738
  },
  "horizons": {
    "h1": {
      "ic": 0.022198529223275393,
      "sharpe": 4.29696737138777
    },
    "h5": {
      "ic": 0.026949945330937527,
      "sharpe": 10.977648325532027
    },
    "h10": {
      "ic": 0.026801452686617978,
      "sharpe": 13.858901254193768
    },
    "h20": {
      "ic": 0.02433953360087356,
      "sharpe": 13.265759672740346
    },
    "h50": {
      "ic": 0.01856818634022156,
      "sharpe": 12.756719356599799
    }
  },
  "oos_split_h5": {
    "ic_is": 0.026459558432780857,
    "ic_oos": 0.027763540406509354,
    "sharpe_is": 12.987608046420554,
    "sharpe_oos": 7.181033197473417
  },
  "screening_timestamp": "2026-03-15T05:07:43.107401+00:00",
  "tier": "star",
  "cross_validation": {
    "2330": {
      "ticks": 500000,
      "ic_h5": -0.01394252963304411,
      "sharpe_h5": -6.0161847797831935,
      "ic_oos": -0.004847918351470368,
      "sharpe_oos": -1.0030060290669935
    },
    "2317": {
      "ticks": 500000,
      "ic_h5": -0.044986908591294936,
      "sharpe_h5": -16.144167243598144,
      "ic_oos": -0.059732815730972944,
      "sharpe_oos": -24.61262639841817
    },
    "MXFC6": {
      "ticks": 500000,
      "ic_h5": 0.03260469309694932,
      "sharpe_h5": 15.709579339042385,
      "ic_oos": 0.029936246791387847,
      "sharpe_oos": 13.449329047834613
    }
  }
}
