{
  "iterations": 30,
  "mode": "simulation",
  "ops": {
    "cancel_order_stock": {
      "errors": 0,
      "stats": {
        "count": 1,
        "jitter_p95_p50": 0.0,
        "jitter_p99_p50": 0.0,
        "max": 67.73762,
        "mean": 67.73762,
        "min": 67.73762,
        "p50": 67.73762,
        "p90": 67.73762,
        "p95": 67.73762,
        "p99": 67.73762,
        "stdev": 0.0
      }
    },
    "fetch_contracts": {
      "errors": 0,
      "stats": {
        "count": 1,
        "jitter_p95_p50": 0.0,
        "jitter_p99_p50": 0.0,
        "max": 64.702281,
        "mean": 64.702281,
        "min": 64.702281,
        "p50": 64.702281,
        "p90": 64.702281,
        "p95": 64.702281,
        "p99": 64.702281,
        "stdev": 0.0
      }
    },
    "list_positions": {
      "errors": 0,
      "label": "list_positions",
      "samples_ms": [
        1304.593986,
        45.944387,
        49.745514,
        43.096874,
        46.797882,
        309.841772,
        44.456754,
        46.080909,
        46.946623,
        65.444001
      ],
      "stats": {
        "count": 10,
        "jitter_p95_p50": 810.0832371999991,
        "jitter_p99_p50": 1168.19403424,
        "max": 1304.593986,
        "mean": 200.29487020000002,
        "min": 43.096874,
        "p50": 46.8722525,
        "p90": 409.31699339999966,
        "p95": 856.955489699999,
        "p99": 1215.0662867400001,
        "stdev": 376.29864239667177
      }
    },
    "list_profit_loss": {
      "errors": 0,
      "label": "list_profit_loss",
      "samples_ms": [
        35.951857,
        137.61853,
        39.222108,
        1184.905011,
        34.978682,
        38.634211,
        30.520752,
        32.608907,
        32.861515,
        458.11635
      ],
      "stats": {
        "count": 10,
        "jitter_p95_p50": 820.5570795499993,
        "jitter_p99_p50": 1082.2009975100002,
        "max": 1184.905011,
        "mean": 202.5417923,
        "min": 30.520752,
        "p50": 37.293034,
        "p90": 530.7952160999997,
        "p95": 857.8501135499994,
        "p99": 1119.4940315100002,
        "stdev": 350.8844988406965
      }
    },
    "login": {
      "errors": 0,
      "stats": {
        "count": 1,
        "jitter_p95_p50": 0.0,
        "jitter_p99_p50": 0.0,
        "max": 782.595235,
        "mean": 782.595235,
        "min": 782.595235,
        "p50": 782.595235,
        "p90": 782.595235,
        "p95": 782.595235,
        "p99": 782.595235,
        "stdev": 0.0
      }
    },
    "place_order_stock": {
      "errors": 0,
      "stats": {
        "count": 1,
        "jitter_p95_p50": 0.0,
        "jitter_p99_p50": 0.0,
        "max": 50.769265,
        "mean": 50.769265,
        "min": 50.769265,
        "p50": 50.769265,
        "p90": 50.769265,
        "p95": 50.769265,
        "p99": 50.769265,
        "stdev": 0.0
      }
    },
    "snapshots_stock": {
      "errors": 0,
      "label": "snapshots_stock",
      "samples_ms": [
        388.607513,
        27.428752,
        25.582701,
        25.983033,
        21.728976,
        26.647235,
        25.268695,
        24.167246,
        22.412685,
        24.243059,
        25.275365,
        14.077096,
        14.950223,
        11.866323,
        14.566257,
        12.65225,
        13.622108,
        13.500255,
        9.960524,
        23.306615,
        15.385609,
        11.275086,
        10.031523,
        13.272687,
        14.405127,
        11.087775,
        10.181018,
        12.206492,
        15.839532,
        12.769354
      ],
      "stats": {
        "count": 30,
        "jitter_p95_p50": 12.318829349999994,
        "jitter_p99_p50": 269.10743231000026,
        "max": 388.607513,
        "mean": 29.743370466666665,
        "min": 9.960524,
        "p50": 14.75824,
        "p90": 26.0494532,
        "p95": 27.077069349999995,
        "p99": 283.86567231000026,
        "stdev": 66.90142584891288
      }
    },
    "update_order_stock": {
      "errors": 0,
      "stats": {
        "count": 1,
        "jitter_p95_p50": 0.0,
        "jitter_p99_p50": 0.0,
        "max": 0.275276,
        "mean": 0.275276,
        "min": 0.275276,
        "p50": 0.275276,
        "p90": 0.275276,
        "p95": 0.275276,
        "p99": 0.275276,
        "stdev": 0.0
      }
    },
    "update_status_futures": {
      "errors": 0,
      "label": "update_status_futures",
      "samples_ms": [
        595.701407,
        598.030513,
        470.568994,
        615.103291,
        726.6528,
        542.94905,
        528.540306,
        683.902774,
        513.04603,
        603.390795
      ],
      "stats": {
        "count": 10,
        "jitter_p95_p50": 110.54932829999984,
        "jitter_p99_p50": 125.93933765999986,
        "max": 726.6528,
        "mean": 587.788596,
        "min": 470.568994,
        "p50": 596.8659600000001,
        "p90": 688.1777766,
        "p95": 707.4152882999999,
        "p99": 722.80529766,
        "stdev": 73.84176596088254
      }
    },
    "update_status_stock": {
      "errors": 0,
      "label": "update_status_stock",
      "samples_ms": [
        39.668069,
        34.064365,
        32.069895,
        28.962631,
        66.064465,
        1165.724185,
        34.462067,
        28.210564,
        33.860332,
        37.238287
      ],
      "stats": {
        "count": 10,
        "jitter_p95_p50": 636.6140949999988,
        "jitter_p99_p50": 1032.4915942,
        "max": 1165.724185,
        "mean": 150.032486,
        "min": 28.210564,
        "p50": 34.263216,
        "p90": 176.0304369999996,
        "p95": 670.8773109999988,
        "p99": 1066.7548102,
        "stdev": 338.7178547673563
      }
    }
  },
  "sleep_ms": 200.0
}