{
  "alpha_id": "flow_persistence",
  "screening_status": "ok",
  "error": null,
  "primary_data": "TXFC6_all_l1.npy",
  "primary_ticks": 500000,
  "signal_stats": {
    "mean": 0.007121224356054776,
    "std": 0.01008994073748036,
    "nonzero_pct": 100.0,
    "autocorr_1": 0.9919746628062804
  },
  "horizons": {
    "h1": {
      "ic": -0.0001593845412943321,
      "sharpe": -0.6036141182980567
    },
    "h5": {
      "ic": 0.0024465259486071158,
      "sharpe": -1.5247845071756216
    },
    "h10": {
      "ic": 0.004295874364742868,
      "sharpe": -2.3229440816746387
    },
    "h20": {
      "ic": 0.010037935382797942,
      "sharpe": -3.811329284348069
    },
    "h50": {
      "ic": -0.0004995708096135168,
      "sharpe": -8.819921938383676
    }
  },
  "oos_split_h5": {
    "ic_is": 0.001112833882218219,
    "ic_oos": 0.005557676711666635,
    "sharpe_is": -2.577969916398387,
    "sharpe_oos": 0.5103290634842763
  },
  "screening_timestamp": "2026-03-15T05:07:43.107401+00:00",
  "tier": "promising",
  "cross_validation": {
    "2330": {
      "ticks": 500000,
      "ic_h5": 0.007068910489067119,
      "sharpe_h5": 3.0963557226941205,
      "ic_oos": 0.00452572248529167,
      "sharpe_oos": 0.4308057926457704
    },
    "2317": {
      "ticks": 500000,
      "ic_h5": 0.008391188705332151,
      "sharpe_h5": -2.9037553349921486,
      "ic_oos": 0.019785689430491724,
      "sharpe_oos": -1.6849758836540134
    },
    "MXFC6": {
      "ticks": 500000,
      "ic_h5": 0.0034813182638087706,
      "sharpe_h5": -2.256524168603045,
      "ic_oos": 0.004369499383213446,
      "sharpe_oos": 0.9874907124174357
    }
  }
}
