{
  "alpha_id": "transient_impact_game",
  "screening_status": "ok",
  "error": null,
  "primary_data": "TXFC6_all_l1.npy",
  "primary_ticks": 500000,
  "signal_stats": {
    "mean": -0.99998297917209,
    "std": 0.0030068810451683767,
    "nonzero_pct": 99.99980000000001,
    "autocorr_1": 1.0
  },
  "horizons": {
    "h1": {
      "ic": 0.0008351672396441464,
      "sharpe": 0.9163935530310277
    },
    "h5": {
      "ic": 0.0019122605577281179,
      "sharpe": 2.529604067479612
    },
    "h10": {
      "ic": 0.002681913193953277,
      "sharpe": 3.7018136482563926
    },
    "h20": {
      "ic": 0.0031265934195628675,
      "sharpe": 5.285871976915729
    },
    "h50": {
      "ic": 0.0033894759899623975,
      "sharpe": 8.461081951665696
    }
  },
  "oos_split_h5": {
    "ic_is": 0.0024310482648402985,
    "ic_oos": 0.0,
    "sharpe_is": 4.5264489885068775,
    "sharpe_oos": -1.3328248872293058
  },
  "screening_timestamp": "2026-03-15T05:07:43.107401+00:00",
  "tier": "failed"
}
