{
  "alpha_id": "rough_vol_ofi",
  "screening_status": "ok",
  "error": null,
  "primary_data": "TXFC6_all_l1.npy",
  "primary_ticks": 6271393,
  "signal_stats": {
    "mean": -0.0015863326109780038,
    "std": 0.30952472465048947,
    "nonzero_pct": 99.9995,
    "autocorr_1": 0.05191266480653593
  },
  "horizons": {
    "h1": {
      "ic": 0.033001,
      "sharpe": 36.14
    },
    "h5": {
      "ic": 0.017118,
      "sharpe": 26.75
    },
    "h10": {
      "ic": 0.011622,
      "sharpe": 18.89
    },
    "h20": {
      "ic": 0.009575,
      "sharpe": 14.04
    },
    "h50": {
      "ic": 0.006997,
      "sharpe": 9.66
    }
  },
  "oos_split_h5": {
    "ic_is": 0.016862,
    "ic_oos": 0.017902,
    "sharpe_is": 26.29,
    "sharpe_oos": 27.84
  },
  "screening_timestamp": "2026-03-15T04:30:12.964866+00:00",
  "tier": "promising",
  "cross_validation": {
    "2330": {
      "ticks": 1323989,
      "ic_oos": 0.030556,
      "sharpe_oos": 26.41,
      "status": "ok"
    },
    "2317": {
      "ticks": 1838663,
      "ic_oos": 0.057765,
      "sharpe_oos": 59.54,
      "status": "ok"
    },
    "MXFC6": {
      "ticks": 8723566,
      "ic_oos": 0.013321,
      "sharpe_oos": 13.7,
      "status": "ok"
    }
  }
}