{
  "alpha_id": "depth_momentum",
  "screening_status": "ok",
  "error": null,
  "primary_data": "TXFC6_all_l1.npy",
  "primary_ticks": 6271393,
  "signal_stats": {
    "mean": 0.001758,
    "std": 0.145505,
    "nonzero_pct": 1.0,
    "autocorr_1": 0.645424
  },
  "horizons": {
    "h1": {
      "ic": -0.003185,
      "sharpe": -0.001156
    },
    "h5": {
      "ic": -0.00206,
      "sharpe": -0.001163
    },
    "h10": {
      "ic": -0.001743,
      "sharpe": -0.001157
    },
    "h20": {
      "ic": -0.002323,
      "sharpe": -0.001596
    },
    "h50": {
      "ic": -0.001543,
      "sharpe": -0.001535
    }
  },
  "oos_split_h5": {
    "is_ic": -0.00133,
    "oos_ic": -0.003729,
    "is_sharpe": -0.000547,
    "oos_sharpe": -0.002919
  },
  "screening_timestamp": "2026-03-15T04:12:12.356566+00:00",
  "tier": "failed",
  "eval_time_s": 5.46
}